<?xml version="1.0" encoding="UTF-8" ?>
<!DOCTYPE mapper PUBLIC "-//mybatis.org//DTD Mapper 3.0//EN" 
"http://mybatis.org/dtd/mybatis-3-mapper.dtd">
<mapper namespace="com.itheima.mapper.UserMapper">
	<!-- 1.1 根据id进行单个用户信息的查询 -->
	<select id="getAUserById" parameterType="Integer"
		resultType="user">
		select * from user where id = #{id};
	</select>
	<!-- 1.2 根据多个id同时查询多个用户信息 -->
	<select id="getManyUsersByIds" parameterType="List"
		resultType="user">
		select * from user where id in
		<foreach collection="list" item="id" index="index" open="("
			separator="," close=")">
			#{id}
		</foreach>
	</select>
	<!-- 1.3根据用户名进行模糊查询 -->
	<select id="getManyUsersByConcatUsername" parameterType="user"
		resultType="user">
		<!-- 使用bind -->
		<bind name="pattern_username"
			value="'%'+_parameter.getUsername()+'%'" />
		select * from user where username like #{pattern_username}
		<!-- 使用concat -->
		<!-- select * from user <where> <if test="username != null and username 
			!= ''"> and username like concat('%',#{username},'%'); </if> </where> -->
	</select>

	<!-- 2.1 针对user用户的更新操作 -->
	<update id="updateUserInfo" parameterType="user">
		update user
		<set>
			<if test="username != null and username != ''">
				username = #{username},
			</if>
			<if test="birthday != null and birthday != ''">
				birthday = #{birthday},
			</if>
			<if test="sex != null and sex != ''">
				sex = #{sex},
			</if>
			<if test="address != null and address != ''">
				address = #{address},
			</if>
		</set>
		where id = #{id}
	</update>

	<!-- 3.1 添加user用户信息 -->
	<insert id="insertUserInfo" parameterType="user">
		insert into user
		<trim prefix="(" suffix=")" suffixOverrides=",">
			<if test="username != null and username != ''">
				username,
			</if>
			<if test="birthday != null and birthday != ''">
				birthday,
			</if>
			<if test="sex != null and sex != ''">
				sex,
			</if>
			<if test="address != null and address != ''">
				address,
			</if>
		</trim>
		values
		<trim prefix="(" suffix=")" suffixOverrides=",">
			<if test="username != null and username != ''">
				#{username},
			</if>
			<if test="birthday != null and birthday != ''">
				#{birthday},
			</if>
			<if test="sex != null and sex != ''">
				#{sex},
			</if>
			<if test="address != null and address != ''">
				#{address},
			</if>
		</trim>
	</insert>
	<!-- 4.1 根据订单编号查询用户信息 -->
	<select id="findUserInfoByOrderNumber" parameterType="String"
		resultType="user">
		select u.* from user u,orders o where o.number = #{number}
		and o.user_id = u.id;
	</select>
	<!-- 4.2 根据用户名查询用户的订单信息 -->
	<select id="findOrderInfoByUserName" parameterType="String" resultType="orders">
		select o.* from user u,orders o where u.username = '王五' and u.id = o.user_id;
	</select>
	<!-- 4.3 根据用户名查询用户所购买的所有商品信息 -->
</mapper>